Date,Open,High,Low,Close,Volume,Market Cap
"Dec 16, 2017",0.146093,0.146631,0.035215,0.137200,"10,416","3,107,130"
"Dec 15, 2017",0.084768,0.149405,0.084756,0.145890,"27,360","1,802,860"
"Dec 14, 2017",0.127190,0.138565,0.069816,0.084648,"11,013","2,705,080"
"Dec 13, 2017",0.045310,0.129842,0.034465,0.127599,"3,738","963,655"
"Dec 12, 2017",0.046862,0.065300,0.045247,0.045272,"3,391","996,664"
"Dec 11, 2017",0.033120,0.048253,0.032967,0.046712,"2,026","704,390"
"Dec 10, 2017",0.043135,0.056266,0.024686,0.033339,"1,330","917,391"
"Dec 09, 2017",0.042834,0.055697,0.027462,0.041897,199,"911,005"
"Dec 08, 2017",0.038846,0.049887,0.024472,0.049880,"2,628","826,179"
"Dec 07, 2017",0.030684,0.038755,0.026256,0.038755,"1,030","652,593"
"Dec 06, 2017",0.008887,0.058602,0.008887,0.030737,"8,872","189,013"
"Dec 05, 2017",0.011826,0.016581,0.008875,0.008907,75,"251,508"
"Dec 04, 2017",0.008405,0.012153,0.005537,0.011802,47,"178,759"
"Dec 03, 2017",0.016395,0.020137,0.008190,0.008377,388,"348,690"
"Dec 02, 2017",0.006422,0.017810,0.006410,0.016379,86,"136,589"
"Dec 01, 2017",0.009978,0.014763,0.006325,0.006428,511,"212,210"
"Nov 30, 2017",0.014639,0.015881,0.009478,0.010027,135,"311,338"
"Nov 29, 2017",0.014198,0.017916,0.011876,0.014417,999,"301,961"
"Nov 28, 2017",0.015609,0.024783,0.014198,0.014212,49,"331,965"
"Nov 27, 2017",0.016213,0.016890,0.015064,0.015568,17,"344,815"
"Nov 26, 2017",0.013637,0.016557,0.013622,0.016210,2,"290,038"
"Nov 25, 2017",0.012657,0.013642,0.012585,0.013642,135,"269,181"
"Nov 24, 2017",0.012903,0.013362,0.012587,0.012682,267,"274,423"
"Nov 23, 2017",0.013697,0.021837,0.012654,0.012921,541,"291,312"
"Nov 22, 2017",0.021204,0.021613,0.013450,0.013702,245,"450,976"
"Nov 21, 2017",0.015659,0.021236,0.012006,0.021153,170,"333,031"
"Nov 20, 2017",0.013406,0.017295,0.013378,0.015656,20,"285,118"
"Nov 19, 2017",0.020090,0.020191,0.010750,0.013412,320,"427,281"
"Nov 18, 2017",0.015726,0.020442,0.010156,0.020127,165,"334,455"
"Nov 17, 2017",0.019962,0.020473,0.014210,0.015786,51,"424,554"
"Nov 16, 2017",0.009654,0.019907,0.004932,0.019661,"2,713","205,332"
"Nov 15, 2017",0.017498,0.024640,0.017498,0.024396,128,"372,143"
"Nov 14, 2017",0.016736,0.020811,0.015693,0.017486,25,"355,944"
"Nov 13, 2017",0.024165,0.024351,0.016541,0.016701,77,"513,934"
"Nov 12, 2017",0.010306,0.010849,0.006836,0.006883,75,"219,179"
"Nov 11, 2017",0.014136,0.014642,0.008721,0.010313,245,"300,645"
"Nov 10, 2017",0.017105,0.017599,0.012965,0.014186,194,"363,800"
"Nov 09, 2017",0.015983,0.022222,0.015602,0.017055,100,"339,923"
"Nov 08, 2017",0.015449,0.016913,0.005063,0.015999,"3,452","328,574"
"Nov 07, 2017",0.021822,0.022976,0.015397,0.015498,752,"464,106"
"Nov 06, 2017",0.027476,0.036241,0.021777,0.021857,234,"584,368"
"Nov 05, 2017",0.029475,0.029475,0.013188,0.027415,170,"626,872"
"Nov 04, 2017",0.026448,0.035270,0.026448,0.029531,126,"562,510"
"Nov 03, 2017",0.015509,0.026606,0.015336,0.026517,228,"329,851"
"Nov 02, 2017",0.021262,0.031011,0.015470,0.015529,391,"452,211"
"Nov 01, 2017",0.019912,0.021278,0.019683,0.021239,11,"423,485"
"Oct 31, 2017",0.013202,0.040972,0.012904,0.019926,60,"280,788"
"Oct 30, 2017",0.020639,0.020639,0.012210,0.013235,657,"438,953"
"Oct 29, 2017",0.018615,0.021408,0.018594,0.020760,68,"395,913"
"Oct 28, 2017",0.020395,0.020658,0.018069,0.018641,106,"433,759"
"Oct 27, 2017",0.026068,0.026752,0.018295,0.020339,162,"554,416"
"Oct 26, 2017",0.025527,0.028420,0.023039,0.026085,848,"542,918"
"Oct 25, 2017",0.038783,0.038865,0.009582,0.025530,"78,657","824,842"
"Oct 24, 2017",0.046357,0.046438,0.019484,0.038764,"1,360","985,916"
"Oct 23, 2017",0.051212,0.051790,0.040654,0.046345,167,"1,089,180"
"Oct 22, 2017",0.036202,0.051374,0.012131,0.051284,"1,689","769,957"
"Oct 21, 2017",0.029710,0.058381,0.028941,0.036192,41,"631,876"
"Oct 20, 2017",0.055456,0.063591,0.029083,0.029770,478,"1,179,440"
"Oct 19, 2017",0.027470,0.055744,0.022938,0.055457,996,"584,223"
"Oct 18, 2017",0.042622,0.042623,0.027029,0.027455,26,"906,480"
"Oct 17, 2017",0.046178,0.046310,0.029644,0.042619,237,"982,119"
"Oct 16, 2017",0.034740,0.051022,0.028652,0.046171,732,"738,858"
"Oct 15, 2017",0.026426,0.035088,0.024884,0.034736,168,"562,025"
"Oct 14, 2017",0.048388,0.048589,0.026065,0.026394,"1,060","1,029,120"
"Oct 13, 2017",0.045961,0.050293,0.045667,0.048387,"1,270","977,493"
"Oct 12, 2017",0.065737,0.068929,0.044335,0.045819,897,"1,398,110"
"Oct 11, 2017",0.040955,0.067969,0.015468,0.065682,"5,117","871,030"
"Oct 10, 2017",0.043703,0.046784,0.029706,0.040939,"1,041","929,488"
"Oct 09, 2017",0.028184,0.044108,0.027268,0.043709,"2,761","599,409"
"Oct 08, 2017",0.056034,0.056208,0.025387,0.028165,979,"1,191,740"
"Oct 07, 2017",0.034456,0.056247,0.029912,0.056140,"4,520","732,814"
"Oct 06, 2017",0.042457,0.050370,0.029920,0.034449,"2,526","902,972"
"Oct 05, 2017",0.027579,0.042881,0.027568,0.042468,471,"586,556"
"Oct 04, 2017",0.022864,0.031016,0.017144,0.027554,994,"486,275"
"Oct 03, 2017",0.034886,0.035085,0.019208,0.023068,"2,980","741,961"
"Oct 02, 2017",0.033312,0.036903,0.033312,0.034875,593,"708,481"
"Oct 01, 2017",0.033672,0.035319,0.031708,0.033309,"1,036","716,148"
"Sep 30, 2017",0.035948,0.043689,0.033532,0.033654,32,"764,534"
"Sep 29, 2017",0.038299,0.044154,0.034595,0.035936,259,"814,555"
"Sep 28, 2017",0.039927,0.040305,0.038365,0.038365,921,"849,168"
"Sep 27, 2017",0.036201,0.040017,0.024499,0.039951,"1,370","769,930"
"Sep 26, 2017",0.025950,0.037189,0.025950,0.036267,708,"551,911"
"Sep 25, 2017",0.029342,0.031551,0.023577,0.025851,71,"624,053"
"Sep 24, 2017",0.034623,0.034623,0.018302,0.029372,220,"736,358"
"Sep 23, 2017",0.032072,0.036658,0.025247,0.034626,410,"682,113"
"Sep 22, 2017",0.029002,0.035899,0.025430,0.032168,"1,293","616,816"
"Sep 21, 2017",0.023435,0.032982,0.022069,0.029003,"1,035","498,423"
"Sep 20, 2017",0.019690,0.029537,0.018381,0.023551,93,"418,775"
"Sep 19, 2017",0.015770,0.035125,0.015157,0.019716,"19,176","335,392"
"Sep 18, 2017",0.028339,0.030111,0.010958,0.015732,674,"602,708"
"Sep 17, 2017",0.006588,0.030226,0.004325,0.028395,"3,572","140,105"
"Sep 16, 2017",0.007882,0.008247,0.005334,0.006592,151,"167,632"
"Sep 15, 2017",0.006656,0.008114,0.006132,0.007902,46,"141,559"
"Sep 14, 2017",0.011001,0.011850,0.006604,0.006604,86,"233,975"
"Sep 13, 2017",0.014365,0.014479,0.011001,0.011002,7,"305,512"
"Sep 12, 2017",0.011141,0.014625,0.011141,0.014420,34,"236,957"
"Sep 11, 2017",0.018414,0.018783,0.011082,0.011131,129,"391,637"
"Sep 10, 2017",0.005693,0.018630,0.005415,0.018446,137,"121,077"
"Sep 09, 2017",0.005694,0.019541,0.005571,0.005708,"26,654","121,096"
"Sep 08, 2017",0.007747,0.008090,0.005452,0.005683,604,"164,774"
"Sep 07, 2017",0.003637,0.009829,0.003582,0.007746,130,"77,343"
"Sep 06, 2017",0.014091,0.014824,0.003593,0.003644,801,"299,679"
"Sep 05, 2017",0.009560,0.024502,0.009006,0.014075,123,"203,313"
"Sep 04, 2017",0.015704,0.018600,0.009510,0.009510,66,"334,001"
"Sep 03, 2017",0.009683,0.016435,0.009683,0.015699,154,"205,945"
"Sep 02, 2017",0.019259,0.019445,0.009461,0.009677,127,"409,605"
"Sep 01, 2017",0.018621,0.019244,0.009992,0.019235,182,"396,033"
"Aug 31, 2017",0.017470,0.018720,0.013001,0.018618,70,"371,546"
"Aug 30, 2017",0.020535,0.020789,0.020082,0.020506,9,"436,749"
"Aug 29, 2017",0.015272,0.020755,0.015247,0.020563,9,"324,796"
"Aug 28, 2017",0.012113,0.013232,0.011706,0.012126,3,"257,610"
"Aug 27, 2017",0.020113,0.020379,0.012032,0.012125,127,"427,770"
"Aug 26, 2017",0.015461,0.020162,0.015114,0.020118,49,"328,832"
"Aug 25, 2017",0.017358,0.022269,0.015348,0.015457,"1,507","369,177"
"Aug 24, 2017",0.025826,0.025943,0.016994,0.017377,546,"549,274"
"Aug 23, 2017",0.026387,0.028959,0.025498,0.025826,234,"561,200"
"Aug 22, 2017",0.036897,0.036897,0.026016,0.026441,116,"784,725"
"Aug 21, 2017",0.018256,0.037079,0.018207,0.036811,234,"388,269"
"Aug 20, 2017",0.014965,0.020030,0.014619,0.018326,21,"318,269"
"Aug 19, 2017",0.021652,0.022051,0.014391,0.015035,311,"460,496"
"Aug 18, 2017",0.023803,0.025398,0.020948,0.021670,15,"506,250"
"Aug 17, 2017",0.023925,0.024489,0.022106,0.023876,85,"508,844"
"Aug 16, 2017",0.031647,0.031980,0.022486,0.023947,2,"673,065"
"Aug 15, 2017",0.015967,0.031974,0.015967,0.031612,15,"339,583"
"Aug 14, 2017",0.015222,0.028134,0.014933,0.015924,29,"323,742"
"Aug 13, 2017",0.034191,0.035191,0.015212,0.015212,147,"727,175"
"Aug 12, 2017",0.033010,0.037020,0.032666,0.034223,119,"702,066"
"Aug 11, 2017",0.031099,0.033483,0.013771,0.033036,19,"661,422"
"Aug 10, 2017",0.031891,0.032641,0.014901,0.031101,12,"678,254"
"Aug 09, 2017",0.013743,0.013776,0.013488,0.013618,2,"292,295"
"Aug 08, 2017",0.012583,0.013997,0.012479,0.013753,18,"267,622"
"Aug 07, 2017",0.019697,0.034000,0.011841,0.012571,301,"418,928"
"Aug 06, 2017",0.016601,0.016793,0.016103,0.016612,8,"353,072"
"Aug 05, 2017",0.028514,0.028596,0.014576,0.016597,30,"606,448"
"Aug 04, 2017",0.027842,0.028697,0.027652,0.028527,910,"592,149"
"Aug 03, 2017",0.024319,0.027965,0.013947,0.027847,394,"517,228"
"Aug 02, 2017",0.024564,0.024785,0.024046,0.024287,195,"522,428"
"Aug 01, 2017",0.014455,0.025005,0.013422,0.024569,39,"307,423"
"Jul 31, 2017",0.013840,0.027968,0.013654,0.014448,10,"294,348"
"Jul 30, 2017",0.015611,0.016311,0.013244,0.013826,7,"332,020"
"Jul 29, 2017",0.031827,0.031914,0.015383,0.015613,22,"676,909"
"Jul 28, 2017",0.030495,0.032217,0.030487,0.031949,151,"648,579"
"Jul 27, 2017",0.028985,0.030696,0.028873,0.030403,1,"616,452"
"Jul 26, 2017",0.012549,0.027875,0.012543,0.027694,292,"266,882"
"Jul 25, 2017",0.016273,0.016384,0.014459,0.015008,882,"346,093"
"Jul 24, 2017",0.021368,0.022862,0.016209,0.016275,"1,578","454,465"
"Jul 23, 2017",0.024910,0.025131,0.022415,0.022415,104,"529,798"
"Jul 22, 2017",0.027171,0.027908,0.024307,0.024916,346,"577,879"
"Jul 21, 2017",0.028349,0.028361,0.026955,0.027137,84,"602,925"
"Jul 20, 2017",0.022227,0.028343,0.022227,0.028343,135,"472,724"
"Jul 19, 2017",0.028797,0.029802,0.022307,0.022307,537,"612,461"
"Jul 18, 2017",0.018005,0.029144,0.017420,0.028841,504,"382,934"
"Jul 17, 2017",0.024345,0.024482,0.018020,0.018020,230,"517,766"
"Jul 16, 2017",0.025227,0.026030,0.023311,0.024330,1,"536,532"
"Jul 15, 2017",0.029033,0.085766,0.026572,0.053097,103,"617,476"
"Jul 14, 2017",0.023118,0.037371,0.023118,0.029039,521,"491,680"
"Jul 13, 2017",0.024548,0.146638,0.024148,0.146638,97,"522,091"
"Jul 12, 2017",0.028828,0.031286,0.024370,0.024527,325,"613,114"
"Jul 11, 2017",0.030364,0.031784,0.023152,0.029308,"2,171","645,787"
"Jul 10, 2017",0.031741,0.038435,0.024050,0.030405,"1,488","675,072"
"Jul 09, 2017",0.032504,0.032605,0.025224,0.031679,128,"691,307"
"Jul 08, 2017",0.032076,0.032643,0.031720,0.032475,9,"682,200"
"Jul 07, 2017",0.033257,0.033314,0.022634,0.032295,"1,183","707,304"
"Jul 06, 2017",0.033746,0.033986,0.023363,0.033420,"3,840","717,706"
"Jul 05, 2017",0.037031,0.037031,0.021473,0.032821,"3,738","787,579"
"Jul 04, 2017",0.034160,0.041490,0.014332,0.037047,"4,522","726,514"
"Jul 03, 2017",0.031705,0.036141,0.030995,0.035483,"1,709","674,311"
"Jul 02, 2017",0.039743,0.062048,0.031625,0.031921,"1,100","845,255"
"Jul 01, 2017",0.077281,0.080487,0.040169,0.040169,896,"1,643,620"
"Jun 30, 2017",0.030714,0.081111,0.030614,0.077313,262,"653,235"
"Jun 28, 2017",0.021873,0.021873,0.020980,0.021794,"1,994","465,201"
"Jun 27, 2017",0.019441,0.028556,0.019161,0.021730,"2,486","413,479"
"Jun 26, 2017",0.025182,0.073173,0.019441,0.019441,"3,043","535,574"
"Jun 25, 2017",0.029976,0.341551,0.027397,0.341551,203,"637,538"
"Jun 24, 2017",0.025268,0.030444,0.022594,0.030024,"1,920","537,403"
"Jun 23, 2017",0.018985,0.026950,0.018907,0.025271,153,"403,771"
"Jun 22, 2017",0.014668,0.018985,0.014010,0.018985,49,"311,954"
"Jun 21, 2017",0.017928,0.022482,0.014052,0.014668,333,"381,286"
"Jun 20, 2017",0.018735,0.018735,0.017544,0.017928,71,"398,458"
"Jun 19, 2017",0.019299,0.019299,0.018735,0.018735,23,"410,457"
"Jun 18, 2017",0.023255,0.024120,0.016365,0.019299,25,"494,592"
"Jun 17, 2017",0.025729,0.025729,0.020559,0.023255,91,"547,217"
"Jun 16, 2017",0.020753,0.025729,0.014244,0.025729,"1,690","441,372"
"Jun 15, 2017",0.021011,0.024496,0.012727,0.020768,"1,531","446,853"
"Jun 14, 2017",0.020909,0.030507,0.020091,0.021011,"2,084","444,701"
"Jun 13, 2017",0.015041,0.021029,0.013654,0.020921,"1,929","319,902"
"Jun 12, 2017",0.032719,0.032818,0.014120,0.015092,986,"695,866"
"Jun 11, 2017",0.023291,0.032771,0.003236,0.032762,8,"495,351"
"Jun 10, 2017",0.030902,0.035082,0.020401,0.023304,"2,219","657,220"
"Jun 09, 2017",0.024444,0.034072,0.023284,0.030855,260,"519,882"
"Jun 08, 2017",0.020972,0.033428,0.020637,0.033428,242,"446,037"
"Jun 07, 2017",0.032966,0.033993,0.020135,0.020867,376,"701,132"
"Jun 06, 2017",0.048479,0.051572,0.025755,0.032958,9,"1,031,060"
"Jun 05, 2017",0.016208,0.105682,0.006921,0.048333,"1,082","344,718"
"Jun 04, 2017",0.024809,0.024809,0.006092,0.016205,6,"527,634"
"Jun 03, 2017",0.009875,0.025010,0.009286,0.024876,930,"210,019"
"Jun 02, 2017",0.009575,0.009879,0.009457,0.009879,167,"203,635"
"Jun 01, 2017",0.005031,0.009609,0.005031,0.009570,165,"107,009"
"May 31, 2017",0.008739,0.009108,0.005026,0.005027,111,"185,854"
"May 30, 2017",0.006173,0.009182,0.006025,0.008705,1,"131,289"
"May 29, 2017",0.005449,0.006297,0.005299,0.006166,2,"115,894"
"May 28, 2017",0.005115,0.009259,0.005115,0.005460,67,"108,792"
"May 27, 2017",0.009060,0.009332,0.004984,0.005085,73,"192,691"
"May 26, 2017",0.006180,0.010470,0.006180,0.009030,175,"131,441"
"May 25, 2017",0.006418,0.006875,0.006063,0.006226,1,"136,503"
"May 23, 2017",0.008536,0.009188,0.008536,0.009009,164,"181,537"
"May 22, 2017",0.007077,0.009106,0.007051,0.008548,155,"150,515"
"May 21, 2017",0.007068,0.007068,0.007053,0.007053,1,"150,330"
"May 19, 2017",0.005091,0.005314,0.005091,0.005314,100,"108,282"
"May 18, 2017",0.006306,0.006360,0.005079,0.005088,114,"134,102"
"May 17, 2017",0.006267,0.006321,0.006248,0.006309,66,"133,267"
"May 13, 2017",0.005087,0.005169,0.004847,0.005168,16,"108,154"
"May 12, 2017",0.005455,0.005458,0.005000,0.005097,15,"115,985"
"May 11, 2017",0.006094,0.006094,0.006027,0.006071,0,"129,563"
"May 10, 2017",0.006030,0.006144,0.005949,0.006083,0,"128,208"
"May 09, 2017",0.005963,0.006344,0.005899,0.006098,5,"126,770"
"May 08, 2017",0.005909,0.005962,0.005909,0.005962,5,"125,617"
"May 06, 2017",0.005397,0.005455,0.005397,0.005428,5,"114,745"
"May 05, 2017",0.005382,0.005614,0.005310,0.005397,5,"114,391"
"May 04, 2017",0.004753,0.005631,0.004753,0.005382,1,"101,032"
"May 03, 2017",0.004039,0.004762,0.004024,0.004753,22,"85,844"
"May 02, 2017",0.004519,0.004687,0.003981,0.004039,"4,165","96,046"
"May 01, 2017",0.004470,0.004561,0.004469,0.004524,1,"95,010"
"Apr 30, 2017",0.004217,0.004285,0.004195,0.004285,22,"89,617"
"Apr 29, 2017",0.004608,0.004641,0.000686,0.004217,38,"97,929"
"Apr 28, 2017",0.004535,0.004609,0.004526,0.004608,2,"96,384"
"Apr 27, 2017",0.004794,0.004927,0.004792,0.004919,23,"101,814"
"Apr 26, 2017",0.004303,0.004843,0.004254,0.004791,692,"91,343"
"Apr 25, 2017",0.005001,0.005010,0.003120,0.004303,"1,399","106,110"
"Apr 24, 2017",0.005034,0.005066,0.002997,0.005001,901,"106,818"
"Apr 23, 2017",0.005062,0.005064,0.004400,0.005034,5,"107,384"
"Apr 22, 2017",0.004986,0.005086,0.004894,0.005064,573,"105,763"
"Apr 21, 2017",0.005015,0.005042,0.003939,0.004984,6,"106,371"
"Apr 20, 2017",0.004708,0.005057,0.003624,0.005015,"1,440","99,865"
"Apr 19, 2017",0.003030,0.004708,0.003030,0.004708,5,"64,277"
"Apr 18, 2017",0.003034,0.003034,0.003028,0.003029,13,"64,351"
"Apr 14, 2017",0.004560,0.004644,0.004523,0.004579,1,"96,721"
"Apr 13, 2017",0.002959,0.004573,0.002921,0.004559,112,"62,763"
"Apr 10, 2017",0.005901,0.005916,0.005860,0.005898,3,"124,801"
"Apr 09, 2017",0.005848,0.005950,0.005824,0.005904,6,"123,672"
"Apr 08, 2017",0.004761,0.005882,0.004720,0.005843,21,"100,680"
"Apr 07, 2017",0.004091,0.005601,0.004067,0.004775,24,"86,511"
"Apr 06, 2017",0.003884,0.004124,0.003884,0.004106,1,"82,136"
"Apr 05, 2017",0.003844,0.003883,0.003785,0.003880,2,"81,298"
"Apr 04, 2017",0.003883,0.003920,0.003799,0.003841,4,"82,119"
"Apr 03, 2017",0.002757,0.003903,0.002757,0.003878,16,"58,308"
"Apr 02, 2017",0.003231,0.003241,0.002696,0.002755,47,"68,316"
"Apr 01, 2017",0.003262,0.003263,0.003173,0.003230,16,"68,985"
"Mar 29, 2017",0.002636,0.002659,0.002560,0.002620,13,"55,741"
"Mar 28, 2017",0.002621,0.002683,0.002592,0.002639,16,"55,425"
"Mar 27, 2017",0.002790,0.002990,0.002790,0.002984,3,"58,990"
"Mar 26, 2017",0.002747,0.002775,0.002319,0.002769,54,"58,078"
"Mar 25, 2017",0.002022,0.002752,0.001943,0.002749,19,"42,744"
"Mar 24, 2017",0.003594,0.003600,0.003390,0.003417,0,"75,975"
"Mar 23, 2017",0.003612,0.003678,0.002728,0.003594,24,"76,368"
"Mar 22, 2017",0.002970,0.003623,0.002695,0.003609,114,"62,784"
"Mar 21, 2017",0.002797,0.002974,0.002797,0.002968,4,"59,126"
"Mar 20, 2017",0.002813,0.002814,0.002775,0.002791,11,"59,463"
"Mar 18, 2017",0.003147,0.003186,0.002807,0.002807,40,"66,521"
"Mar 17, 2017",0.003906,0.003906,0.002350,0.003147,165,"82,580"
"Mar 16, 2017",0.004311,0.004340,0.002535,0.003932,317,"91,136"
"Mar 15, 2017",0.004961,0.004965,0.004285,0.004311,2,"104,869"
"Mar 12, 2017",0.005189,0.005381,0.005183,0.005375,24,"109,480"
"Mar 11, 2017",0.005196,0.005199,0.005135,0.005185,23,"109,630"
"Mar 10, 2017",0.005241,0.005282,0.005189,0.005277,4,"110,583"
"Mar 09, 2017",0.005085,0.005281,0.003660,0.005241,27,"107,277"
"Mar 08, 2017",0.005346,0.005376,0.005075,0.005083,7,"112,782"
"Mar 07, 2017",0.005565,0.005573,0.005265,0.005348,0,"117,400"
"Mar 06, 2017",0.005590,0.005626,0.005577,0.005619,5,"117,927"
"Mar 05, 2017",0.005481,0.005589,0.005336,0.005588,96,"115,641"
"Mar 04, 2017",0.005966,0.005975,0.005055,0.005485,"3,142","125,858"
"Mar 03, 2017",0.005630,0.005979,0.005028,0.005955,211,"118,763"
"Mar 02, 2017",0.005217,0.006100,0.004272,0.005632,"3,710","110,026"
"Mar 01, 2017",0.005900,0.005929,0.005899,0.005923,1,"124,442"
"Feb 28, 2017",0.005124,0.005922,0.005086,0.005900,269,"108,076"
"Feb 27, 2017",0.005051,0.005130,0.005049,0.005117,5,"106,525"
"Feb 26, 2017",0.004884,0.005059,0.004827,0.005057,3,"103,010"
"Feb 25, 2017",0.005080,0.005099,0.004802,0.004884,15,"107,130"
"Feb 24, 2017",0.003709,0.005167,0.003430,0.005094,3,"78,231"
"Feb 23, 2017",0.004782,0.004949,0.004782,0.004936,0,"100,849"
"Feb 22, 2017",0.004791,0.004793,0.004784,0.004784,0,"101,032"
"Feb 16, 2017",0.003134,0.003167,0.003134,0.003162,32,"66,082"
"Feb 15, 2017",0.003121,0.003137,0.003119,0.003133,31,"65,808"
"Feb 12, 2017",0.004506,0.004511,0.004476,0.004484,0,"95,012"
"Feb 11, 2017",0.004524,0.004524,0.004509,0.004510,0,"95,405"
"Feb 09, 2017",0.003545,0.003626,0.003175,0.003249,54,"74,757"
"Feb 08, 2017",0.006353,0.006461,0.003539,0.003540,91,"133,946"
"Feb 07, 2017",0.006228,0.006360,0.006228,0.006347,95,"131,315"
"Feb 04, 2017",0.004177,0.004188,0.004111,0.004154,1,"88,063"
"Feb 03, 2017",0.002377,0.004172,0.002324,0.004171,28,"50,108"
"Feb 02, 2017",0.002304,0.002346,0.002291,0.002337,2,"48,584"
"Feb 01, 2017",0.002175,0.002305,0.002155,0.002305,3,"45,865"
"Jan 31, 2017",0.002025,0.002113,0.002025,0.002105,0,"42,688"
"Jan 30, 2017",0.004540,0.004544,0.002026,0.002026,0,"95,709"
"Jan 28, 2017",0.001968,0.001977,0.001968,0.001973,5,"41,493"
"Jan 27, 2017",0.004533,0.004557,0.001951,0.001968,9,"95,555"
"Jan 26, 2017",0.004533,0.004534,0.004517,0.004533,45,"95,547"
"Jan 25, 2017",0.004017,0.004065,0.004013,0.004041,1,"84,670"
"Jan 24, 2017",0.001842,0.004563,0.001805,0.004015,2,"38,815"
"Jan 23, 2017",0.005345,0.005509,0.001842,0.001843,301,"112,621"
"Jan 22, 2017",0.003881,0.005338,0.002767,0.005338,"5,951","81,775"
"Jan 21, 2017",0.002578,0.003882,0.001926,0.003881,155,"54,317"
"Jan 20, 2017",0.003282,0.003282,0.002555,0.002578,39,"69,150"
"Jan 19, 2017",0.003671,0.005606,0.003260,0.003283,84,"77,347"
"Jan 18, 2017",0.006682,0.006753,0.003624,0.003655,100,"140,810"
"Jan 17, 2017",0.003409,0.006702,0.003406,0.006678,23,"71,839"
"Jan 16, 2017",0.001849,0.003422,0.001846,0.003408,36,"38,962"
"Jan 15, 2017",0.001821,0.001850,0.001809,0.001849,1,"38,371"
"Jan 12, 2017",0.001696,0.001801,0.001648,0.001753,1,"35,712"
"Jan 11, 2017",0.001738,0.002508,0.001655,0.001698,3,"36,617"
"Jan 09, 2017",0.001968,0.001974,0.001900,0.001934,4,"41,454"
"Jan 08, 2017",0.001969,0.001970,0.001952,0.001965,4,"41,467"
"Jan 07, 2017",0.003018,0.003032,0.002751,0.003004,3,"63,556"
"Jan 06, 2017",0.002817,0.003055,0.002457,0.003013,3,"59,334"
"Jan 05, 2017",0.002460,0.002852,0.001939,0.002810,25,"51,802"
"Jan 04, 2017",0.002161,0.005339,0.002161,0.002457,39,"45,507"
"Jan 03, 2017",0.004772,0.004834,0.002077,0.002161,536,"100,205"
"Jan 02, 2017",0.004592,0.004779,0.004585,0.004772,12,"96,440"
"Jan 01, 2017",0.006640,0.006641,0.004423,0.004590,1,"139,445"
"Dec 31, 2016",0.006681,0.006685,0.004316,0.006639,6,"140,293"
"Dec 30, 2016",0.006687,0.006709,0.006631,0.006680,8,"140,425"
"Dec 29, 2016",0.004431,0.004446,0.004333,0.004402,0,"93,044"
"Dec 28, 2016",0.004371,0.004430,0.004318,0.004430,1,"91,791"
"Dec 26, 2016",0.005745,0.005854,0.005745,0.005810,0,"120,632"
"Dec 25, 2016",0.004028,0.005749,0.003890,0.005747,2,"84,591"
"Dec 24, 2016",0.004167,0.004174,0.004006,0.004075,0,"87,512"
"Dec 23, 2016",0.006052,0.006405,0.004060,0.004165,1,"127,082"
"Dec 22, 2016",0.005877,0.006130,0.005877,0.006054,1,"123,409"
"Dec 17, 2016",0.003399,0.003432,0.003398,0.003422,5,"71,363"
"Dec 16, 2016",0.003919,0.003921,0.003392,0.003399,5,"82,296"
"Dec 13, 2016",0.007754,0.007837,0.007733,0.007766,28,"162,726"
"Dec 12, 2016",0.004672,0.007772,0.004672,0.007755,28,"98,030"
"Dec 11, 2016",0.009799,0.009801,0.004668,0.004671,1,"205,577"
"Dec 10, 2016",0.010039,0.010088,0.009798,0.009799,0,"210,580"
"Dec 09, 2016",0.004700,0.010054,0.004695,0.010036,2,"98,592"
"Dec 08, 2016",0.010416,0.010505,0.010386,0.010488,1,"218,416"
"Dec 07, 2016",0.010446,0.010462,0.010415,0.010416,1,"219,046"
"Dec 05, 2016",0.010819,0.010819,0.010509,0.010603,0,"226,779"
"Dec 04, 2016",0.010788,0.010814,0.003934,0.010814,17,"226,116"
"Dec 03, 2016",0.010883,0.010888,0.010700,0.010788,0,"228,096"
"Dec 02, 2016",0.010598,0.010930,0.006158,0.010880,0,"222,106"
"Dec 01, 2016",0.003885,0.010616,0.003885,0.010584,130,"81,419"
"Nov 30, 2016",0.003887,0.003892,0.003884,0.003885,3,"81,454"
"Nov 29, 2016",0.004665,0.004676,0.004657,0.004671,1,"97,755"
"Nov 28, 2016",0.003811,0.004900,0.003811,0.004665,29,"79,861"
"Nov 25, 2016",0.007455,0.007457,0.007397,0.007452,30,"156,014"
"Nov 24, 2016",0.005220,0.007457,0.005211,0.007456,30,"109,237"
"Nov 23, 2016",0.005254,0.005254,0.005180,0.005220,1,"109,948"
"Nov 21, 2016",0.003845,0.003901,0.003842,0.003890,1,"80,473"
"Nov 20, 2016",0.003821,0.003846,0.003821,0.003845,1,"79,975"
"Nov 19, 2016",0.003938,0.003963,0.003930,0.003954,162,"82,422"
"Nov 18, 2016",0.005224,0.005252,0.003906,0.003939,181,"109,327"
"Nov 17, 2016",0.004495,0.005278,0.004476,0.005227,1,"94,072"
"Nov 16, 2016",0.006684,0.006919,0.004462,0.004495,3,"139,894"
"Nov 14, 2016",0.004289,0.004315,0.004276,0.004313,117,"89,770"
"Nov 13, 2016",0.009793,0.009796,0.004288,0.004290,739,"204,955"
"Nov 12, 2016",0.012007,0.012019,0.005421,0.009793,13,"251,286"
"Nov 11, 2016",0.005367,0.012039,0.005358,0.012007,79,"112,308"
"Nov 10, 2016",0.005365,0.005369,0.005334,0.005366,2,"112,281"
"Nov 09, 2016",0.011911,0.012418,0.011891,0.012084,24,"249,244"
"Nov 08, 2016",0.005632,0.011989,0.003292,0.011915,"17,737","117,852"
"Nov 07, 2016",0.005655,0.005667,0.005606,0.005630,4,"118,327"
"Nov 06, 2016",0.003573,0.003582,0.003573,0.003574,0,"74,773"
"Nov 05, 2016",0.009845,0.009849,0.003545,0.003574,0,"107,546"
"Nov 04, 2016",0.009842,0.010066,0.009152,0.009847,5,"107,505"
"Nov 03, 2016",0.003341,0.009844,0.003136,0.009837,12,"36,497"
"Nov 02, 2016",0.010560,0.010560,0.003258,0.003334,1,"115,354"
"Nov 01, 2016",0.003561,0.010656,0.003201,0.010557,1,"38,898"
"Oct 31, 2016",0.006977,0.010339,0.003556,0.003561,37,"76,208"
"Oct 30, 2016",0.004523,0.007081,0.004444,0.006976,47,"49,403"
"Oct 29, 2016",0.002750,0.004572,0.002746,0.004524,72,"30,034"
"Oct 28, 2016",0.003648,0.003648,0.003626,0.003643,0,"39,848"
"Oct 27, 2016",0.003641,0.003646,0.003616,0.003646,0,"39,772"
"Oct 21, 2016",0.001924,0.001934,0.001924,0.001933,38,"21,016"
"Oct 20, 2016",0.003451,0.003457,0.001919,0.001925,39,"37,695"
"Oct 18, 2016",0.003330,0.003335,0.003326,0.003332,1,"36,372"
"Oct 17, 2016",0.003510,0.003514,0.003327,0.003330,5,"73,430"
"Oct 16, 2016",0.003487,0.003515,0.003487,0.003508,19,"38,084"
"Oct 15, 2016",0.003625,0.003634,0.003480,0.003486,3,"39,526"
"Oct 14, 2016",0.003618,0.003630,0.003617,0.003624,1,"39,396"
"Oct 12, 2016",0.003577,0.003579,0.003549,0.003551,2,"39,068"
"Oct 11, 2016",0.002773,0.003660,0.002771,0.003580,4,"30,286"
"Oct 10, 2016",0.002763,0.002783,0.002761,0.002772,2,"30,176"
"Oct 09, 2016",0.002763,0.002765,0.002762,0.002762,0,"30,181"
"Oct 05, 2016",0.004271,0.004297,0.004267,0.004290,36,"46,649"
"Oct 04, 2016",0.002563,0.004271,0.002561,0.004271,117,"27,992"
"Oct 01, 2016",0.002628,0.002652,0.002628,0.002651,0,"28,700"
"Sep 30, 2016",0.002614,0.002628,0.002612,0.002628,0,"28,549"
"Sep 29, 2016",0.002703,0.002706,0.002703,0.002705,16,"29,521"
"Sep 28, 2016",0.002704,0.002709,0.002703,0.002703,16,"29,528"
"Sep 27, 2016",0.003040,0.003041,0.003025,0.003034,1,"33,202"
"Sep 26, 2016",0.003602,0.003612,0.003032,0.003041,3,"39,333"
"Sep 25, 2016",0.002531,0.002534,0.002520,0.002521,18,"27,641"
"Sep 24, 2016",0.002514,0.002532,0.002493,0.002531,27,"27,453"
"Sep 23, 2016",0.004735,0.004788,0.002509,0.002514,38,"51,705"
"Sep 22, 2016",0.004741,0.004752,0.004734,0.004734,0,"51,778"
"Sep 21, 2016",0.004731,0.004745,0.004731,0.004741,5,"51,670"
"Sep 20, 2016",0.005879,0.005882,0.005869,0.005878,1,"64,201"
"Sep 19, 2016",0.007276,0.009147,0.005870,0.005879,127,"79,453"
"Sep 18, 2016",0.005351,0.007277,0.005351,0.007276,17,"58,432"
"Sep 17, 2016",0.005627,0.005635,0.002466,0.005352,16,"61,442"
"Sep 16, 2016",0.007213,0.007225,0.005624,0.005627,2,"78,764"
"Sep 15, 2016",0.002449,0.007260,0.002446,0.007214,16,"26,740"
"Sep 14, 2016",0.005483,0.005483,0.002448,0.002449,166,"59,872"
"Sep 13, 2016",0.006721,0.009162,0.005475,0.005482,18,"73,388"
"Sep 12, 2016",0.006692,0.009887,0.006692,0.006719,13,"73,070"
"Sep 11, 2016",0.004333,0.010313,0.004331,0.006690,"7,373","47,315"
"Sep 10, 2016",0.006067,0.006237,0.003465,0.005924,495,"66,238"
"Sep 09, 2016",0.005599,0.006072,0.005598,0.006067,59,"61,136"
"Sep 06, 2016",0.002760,0.002779,0.002753,0.002765,28,"30,132"
"Sep 05, 2016",0.002753,0.002764,0.002753,0.002760,28,"30,058"
"Sep 04, 2016",0.005324,0.005341,0.005312,0.005341,1,"58,125"
"Sep 03, 2016",0.005115,0.005336,0.005111,0.005321,1,"55,844"
"Aug 31, 2016",0.005140,0.005143,0.005116,0.005116,0,"56,111"
"Aug 30, 2016",0.005113,0.005147,0.005113,0.005139,0,"55,816"
"Aug 26, 2016",0.002629,0.002639,0.002625,0.002639,0,"28,696"
"Aug 25, 2016",0.002619,0.002630,0.002619,0.002629,0,"28,590"
"Aug 24, 2016",0.005484,0.005486,0.005451,0.005451,78,"59,861"
"Aug 23, 2016",0.002406,0.005487,0.002389,0.005486,81,"26,259"
"Aug 22, 2016",0.002906,0.002942,0.002406,0.002406,5,"31,716"
"Aug 20, 2016",0.002360,0.002383,0.002359,0.002382,1,"25,761"
"Aug 19, 2016",0.002365,0.002371,0.002360,0.002360,1,"25,815"
"Aug 18, 2016",0.003497,0.003511,0.003497,0.003511,2,"38,167"
"Aug 17, 2016",0.002368,0.003542,0.002368,0.003498,2,"25,851"
"Aug 16, 2016",0.003664,0.003680,0.003664,0.003680,4,"39,998"
"Aug 15, 2016",0.003799,0.003802,0.003639,0.003664,4,"41,471"
"Aug 14, 2016",0.003922,0.003922,0.003761,0.003799,2,"42,809"
"Aug 13, 2016",0.002421,0.002428,0.002410,0.002428,9,"26,422"
"Aug 12, 2016",0.004153,0.004155,0.002395,0.002421,135,"45,333"
"Aug 11, 2016",0.004228,0.004253,0.002957,0.004155,87,"46,143"
"Aug 10, 2016",0.003174,0.004380,0.003166,0.004226,2,"34,643"
"Aug 09, 2016",0.003180,0.003183,0.003170,0.003175,0,"34,709"
"Aug 07, 2016",0.003527,0.003585,0.003521,0.003543,255,"38,490"
"Aug 06, 2016",0.004472,0.004609,0.003514,0.003527,319,"48,811"
"Aug 05, 2016",0.002440,0.002440,0.002405,0.002425,1,"26,634"
"Aug 04, 2016",0.003409,0.003480,0.002388,0.002440,423,"37,211"
"Aug 03, 2016",0.005436,0.005459,0.003316,0.003410,168,"59,331"
"Aug 02, 2016",0.006226,0.006294,0.003365,0.005401,358,"67,952"
"Aug 01, 2016",0.007490,0.017202,0.006222,0.006223,731,"81,739"
"Jul 31, 2016",0.006740,0.007594,0.006500,0.007494,32,"73,558"
"Jul 30, 2016",0.008574,0.008583,0.006738,0.006741,4,"93,564"
"Jul 29, 2016",0.007238,0.008584,0.007235,0.008573,3,"78,988"
"Jul 28, 2016",0.009161,0.011635,0.006727,0.007239,84,"99,970"
"Jul 27, 2016",0.003774,0.011675,0.003755,0.009160,267,"41,182"
"Jul 26, 2016",0.043811,0.043902,0.003776,0.003776,"1,107","478,060"
"Jul 25, 2016",0.027113,0.045800,0.013954,0.043802,844,"295,843"
"Jul 24, 2016",0.027527,0.027535,0.013904,0.027110,28,"300,355"
"Jul 23, 2016",0.028621,0.028755,0.027231,0.027529,43,"312,287"
"Jul 22, 2016",0.031242,0.032882,0.007881,0.028616,165,"340,888"
"Jul 21, 2016",0.023292,0.033076,0.013175,0.031247,515,"254,138"
"Jul 20, 2016",0.015187,0.023306,0.006689,0.023297,530,"165,704"
"Jul 19, 2016",0.006758,0.006760,0.006703,0.006719,6,"73,734"
"Jul 18, 2016",0.014948,0.017016,0.006745,0.006761,60,"163,091"
"Jul 17, 2016",0.006608,0.014934,0.006608,0.014934,298,"72,091"
"Jul 16, 2016",0.008291,0.012460,0.006612,0.006622,90,"90,451"
"Jul 15, 2016",0.008215,0.010285,0.008189,0.008298,178,"89,621"
"Jul 09, 2016",0.008398,0.008398,0.008240,0.008263,1,"91,607"
"Jul 08, 2016",0.008327,0.008413,0.008060,0.008401,1,"90,833"
"Jul 07, 2016",0.006494,0.008323,0.006424,0.008316,51,"70,840"
"Jul 06, 2016",0.005264,0.005353,0.005263,0.005310,0,"57,424"
"Jul 05, 2016",0.005367,0.005367,0.005221,0.005264,0,"58,540"
"Jul 04, 2016",0.005138,0.005364,0.005074,0.005364,6,"56,040"
"Jul 03, 2016",0.005489,0.005499,0.005062,0.005127,0,"59,871"
"Jul 02, 2016",0.005407,0.005486,0.005401,0.005486,0,"58,978"
"Jun 30, 2016",0.002828,0.002985,0.002814,0.002965,0,"30,849"
"Jun 29, 2016",0.005038,0.005142,0.002816,0.002828,16,"54,952"
"Jun 28, 2016",0.004587,0.004615,0.004464,0.004551,2,"50,029"
"Jun 27, 2016",0.003782,0.004547,0.003729,0.004544,58,"41,255"
"Jun 26, 2016",0.002527,0.002531,0.001535,0.002489,3,"27,566"
"Jun 25, 2016",0.013565,0.014139,0.001532,0.002528,8,"147,952"
"Jun 24, 2016",0.001359,0.013674,0.001351,0.013599,138,"14,820"
"Jun 20, 2016",0.001550,0.001551,0.001532,0.001547,0,"16,909"
"Jun 19, 2016",0.001530,0.001556,0.001524,0.001550,0,"16,689"
"Jun 18, 2016",0.003737,0.003772,0.003662,0.003739,6,"40,755"
"Jun 17, 2016",0.003720,0.003784,0.003688,0.003739,6,"40,569"
"Jun 15, 2016",0.003291,0.003342,0.003228,0.003323,0,"35,885"
"Jun 14, 2016",0.003909,0.011211,0.001591,0.003292,55,"42,631"
"Jun 13, 2016",0.001581,0.003918,0.001562,0.003909,17,"17,241"
"Jun 12, 2016",0.002706,0.002907,0.001515,0.001580,0,"29,509"
"Jun 11, 2016",0.002328,0.002708,0.002318,0.002708,3,"25,387"
"Jun 10, 2016",0.001322,0.001330,0.001319,0.001327,0,"14,413"
"Jun 09, 2016",0.002129,0.002131,0.001313,0.001322,0,"23,215"
"Jun 08, 2016",0.002115,0.002133,0.002115,0.002129,1,"23,065"
"Jun 03, 2016",0.000576,0.000594,0.000575,0.000593,0,"6,277"
"Jun 02, 2016",0.001660,0.001663,0.000571,0.000576,0,"18,108"
"Oct 13, 2015",0.000366,0.000366,0.000363,0.000365,0,"3,957"
"Oct 12, 2015",0.000368,0.000369,0.000365,0.000366,0,"3,985"
"Oct 11, 2015",0.000365,0.000368,0.000364,0.000368,0,"3,951"
"Oct 10, 2015",0.000365,0.000365,0.000365,0.000365,0,"3,952"
"Oct 09, 2015",0.000361,0.000364,0.000361,0.000364,0,"3,908"
"Oct 08, 2015",0.000362,0.000364,0.000361,0.000361,0,"3,919"
"Oct 07, 2015",0.000367,0.000368,0.000361,0.000362,0,"3,969"
"Oct 06, 2015",0.000366,0.000368,0.000365,0.000367,0,"3,959"
"Oct 05, 2015",0.000236,0.000236,0.000236,0.000236,0,"2,553"
"Oct 04, 2015",0.000236,0.000237,0.000236,0.000236,0,"2,558"
"Oct 03, 2015",0.000235,0.000237,0.000235,0.000236,6,"2,543"
"Oct 02, 2015",0.000235,0.000235,0.000234,0.000235,6,"2,541"
"Sep 30, 2015",0.000218,0.000219,0.000217,0.000218,1,"2,357"
"Sep 29, 2015",0.000220,0.000221,0.000217,0.000218,1,"2,382"
"Sep 28, 2015",0.000230,0.000237,0.000220,0.000220,1,"2,494"
"Sep 27, 2015",0.000281,0.000281,0.000230,0.000230,1,"3,044"
"Sep 26, 2015",0.000282,0.000282,0.000281,0.000281,0,"3,048"
"Sep 20, 2015",0.000454,0.000454,0.000454,0.000454,0,"4,912"
"Sep 19, 2015",0.000457,0.000457,0.000453,0.000454,0,"4,943"
"Sep 18, 2015",0.000450,0.000459,0.000450,0.000457,0,"4,876"
"Sep 16, 2015",0.000456,0.000458,0.000450,0.000452,0,"4,936"
"Sep 15, 2015",0.000457,0.000508,0.000455,0.000456,0,"4,944"
"Sep 14, 2015",0.000456,0.000460,0.000451,0.000457,0,"4,941"
"Sep 13, 2015",0.000466,0.000467,0.000454,0.000457,0,"5,042"
"Sep 12, 2015",0.000475,0.000475,0.000465,0.000466,0,"5,146"
"Sep 11, 2015",0.000472,0.000478,0.000472,0.000476,0,"5,111"
"Sep 10, 2015",0.000472,0.000473,0.000472,0.000472,0,"5,107"
"Sep 07, 2015",0.000475,0.000479,0.000473,0.000475,0,"5,141"
"Sep 06, 2015",0.000465,0.000481,0.000465,0.000475,0,"5,037"
"Sep 05, 2015",0.000454,0.000465,0.000452,0.000465,0,"4,911"
"Sep 04, 2015",0.000449,0.000455,0.000449,0.000454,0,"4,862"
"Sep 03, 2015",0.000449,0.000449,0.000449,0.000449,0,"4,862"
"Sep 02, 2015",0.000452,0.000452,0.000451,0.000451,0,"4,890"
"Sep 01, 2015",0.000456,0.000458,0.000449,0.000452,0,"4,931"
"Aug 31, 2015",0.000451,0.000459,0.000447,0.000456,0,"4,878"
"Aug 30, 2015",0.000453,0.000457,0.000446,0.000450,0,"4,900"
"Aug 29, 2015",0.000458,0.000462,0.000448,0.000453,0,"4,960"
"Aug 28, 2015",0.000445,0.000466,0.000437,0.000458,0,"4,818"
"Aug 27, 2015",0.000447,0.000453,0.000443,0.000445,0,"4,840"
"Aug 26, 2015",0.000439,0.000458,0.000436,0.000447,0,"4,750"
"Aug 25, 2015",0.000410,0.000448,0.000401,0.000439,0,"4,434"
"Aug 24, 2015",0.000452,0.000452,0.000432,0.000434,0,"4,891"
"Aug 23, 2015",0.000456,0.000461,0.000447,0.000452,0,"4,938"
"Aug 22, 2015",0.000460,0.000465,0.000441,0.000456,0,"4,985"
"Aug 21, 2015",0.000466,0.000468,0.000459,0.000461,0,"5,044"
"Aug 20, 2015",0.000449,0.000470,0.000449,0.000466,0,"4,859"
"Aug 19, 2015",0.000418,0.000470,0.000418,0.000449,0,"4,524"
"Aug 18, 2015",0.000509,0.000510,0.000422,0.000422,0,"5,510"
"Aug 13, 2015",0.000527,0.000527,0.000520,0.000523,0,"5,709"
"Aug 12, 2015",0.000535,0.000536,0.000526,0.000527,0,"5,795"
"Aug 11, 2015",0.000516,0.000535,0.000515,0.000535,1,"5,583"
"Aug 10, 2015",0.000525,0.000527,0.000512,0.000516,0,"5,682"
"Aug 09, 2015",0.000517,0.000529,0.000516,0.000525,0,"5,594"
"Aug 08, 2015",0.000554,0.000554,0.000516,0.000516,0,"5,993"
"Aug 07, 2015",0.000552,0.000555,0.000547,0.000553,8,"5,971"
"Aug 06, 2015",0.000527,0.000553,0.000519,0.000552,8,"5,706"
"Aug 05, 2015",0.000533,0.000534,0.000526,0.000527,3,"5,774"
"Aug 04, 2015",0.000251,0.000534,0.000250,0.000534,3,"2,713"
"Aug 03, 2015",0.000557,0.000562,0.000552,0.000560,0,"6,027"
"Aug 02, 2015",0.000555,0.000558,0.000547,0.000557,0,"6,005"
"Aug 01, 2015",0.000564,0.000564,0.000551,0.000556,0,"6,101"
"Jul 31, 2015",0.000570,0.000572,0.000559,0.000563,0,"6,167"
"Jul 30, 2015",0.000569,0.000570,0.000569,0.000570,0,"6,163"
"Jul 29, 2015",0.000583,0.000583,0.000572,0.000576,0,"6,311"
"Jul 28, 2015",0.000581,0.000587,0.000581,0.000583,0,"6,294"
"Jul 27, 2015",0.000288,0.000590,0.000288,0.000581,0,"3,118"
"Jul 26, 2015",0.000572,0.000580,0.000570,0.000577,0,"6,188"
"Jul 25, 2015",0.000571,0.000576,0.000566,0.000572,0,"6,179"
"Jul 24, 2015",0.000547,0.000573,0.000545,0.000571,0,"5,917"
"Jul 23, 2015",0.000549,0.000551,0.000546,0.000547,0,"5,942"
"Jul 22, 2015",0.000546,0.000550,0.000543,0.000549,0,"5,912"
"Jul 21, 2015",0.000552,0.000555,0.000545,0.000547,1,"5,980"
"Jul 20, 2015",0.000544,0.000551,0.000541,0.000551,1,"5,894"
"Jul 19, 2015",0.000547,0.000549,0.000542,0.000544,0,"5,922"
"Jul 18, 2015",0.000556,0.000562,0.000545,0.000547,0,"6,020"
"Jul 17, 2015",0.000553,0.000558,0.000541,0.000556,0,"5,991"
"Jul 16, 2015",0.000561,0.000571,0.000540,0.000553,0,"6,069"
"Jul 15, 2015",0.000563,0.000575,0.000559,0.000561,0,"6,099"
"Jul 14, 2015",0.000482,0.000568,0.000215,0.000564,1,"5,217"
"Jul 13, 2015",0.000478,0.000485,0.000473,0.000482,1,"5,176"
"Jul 11, 2015",0.000564,0.000591,0.000561,0.000582,0,"6,106"
"Jul 10, 2015",0.000533,0.000584,0.000532,0.000564,0,"5,771"
"Jul 09, 2015",0.000536,0.000539,0.000529,0.000534,0,"5,804"
"Jul 08, 2015",0.000527,0.000540,0.000523,0.000536,1,"5,706"
"Jul 07, 2015",0.000395,0.000540,0.000395,0.000528,5,"4,281"
"Jul 06, 2015",0.000502,0.000513,0.000395,0.000395,4,"5,437"
"Jul 04, 2015",0.000482,0.000487,0.000478,0.000485,2,"5,217"
"Jul 03, 2015",0.000480,0.000483,0.000477,0.000482,2,"5,198"
"Jul 02, 2015",0.000509,0.000515,0.000480,0.000480,3,"5,515"
"Jul 01, 2015",0.000526,0.000530,0.000509,0.000510,1,"5,696"
"Jun 30, 2015",0.000514,0.000536,0.000512,0.000526,2,"5,566"
"Jun 29, 2015",0.000411,0.000514,0.000410,0.000514,2,"4,448"
"Jun 28, 2015",0.000489,0.000490,0.000411,0.000411,1,"5,298"
"Jun 27, 2015",0.000470,0.000490,0.000469,0.000490,1,"5,089"
"Jun 26, 2015",0.000461,0.000470,0.000461,0.000470,1,"4,994"
"Jun 25, 2015",0.000469,0.000474,0.000459,0.000461,0,"5,077"
"Jun 24, 2015",0.000489,0.000489,0.000469,0.000469,0,"5,289"
"Jun 23, 2015",0.000469,0.000490,0.000464,0.000489,2,"5,080"
"Jun 22, 2015",0.000488,0.000494,0.000384,0.000469,2,"5,281"
"Jun 21, 2015",0.000488,0.000490,0.000484,0.000488,0,"5,280"
"Jun 20, 2015",0.000440,0.000440,0.000436,0.000436,0,"4,766"
"Jun 19, 2015",0.000488,0.000491,0.000439,0.000440,0,"5,283"
"Jun 18, 2015",0.000491,0.000495,0.000478,0.000488,21,"5,316"
"Jun 17, 2015",0.000494,0.000506,0.000360,0.000490,21,"5,351"
"Jun 16, 2015",0.000467,0.000496,0.000465,0.000493,0,"5,050"
"Jun 15, 2015",0.000467,0.000475,0.000463,0.000467,1,"5,056"
"Jun 14, 2015",0.000467,0.000468,0.000466,0.000467,0,"5,054"
"Jun 12, 2015",0.000333,0.000335,0.000333,0.000334,1,"3,606"
"Jun 11, 2015",0.000332,0.000334,0.000332,0.000333,1,"3,591"
"Jun 10, 2015",0.000458,0.000460,0.000332,0.000332,1,"4,959"
"Jun 09, 2015",0.000457,0.000462,0.000456,0.000458,0,"4,947"
"Jun 08, 2015",0.000348,0.000459,0.000322,0.000457,1,"3,764"
"Jun 07, 2015",0.000230,0.000451,0.000230,0.000348,6,"2,491"
"Jun 06, 2015",0.000450,0.000451,0.000229,0.000230,7,"4,870"
"Jun 05, 2015",0.000426,0.000452,0.000282,0.000450,5,"4,614"
"Jun 04, 2015",0.000544,0.000544,0.000230,0.000426,5,"5,893"
"Jun 03, 2015",0.000544,0.000548,0.000540,0.000544,0,"5,891"
"Jun 02, 2015",0.000535,0.000545,0.000534,0.000544,1,"5,792"
"Jun 01, 2015",0.000550,0.000554,0.000531,0.000535,1,"5,956"
"May 31, 2015",0.000525,0.000556,0.000521,0.000550,2,"5,684"
"May 30, 2015",0.000571,0.000571,0.000237,0.000525,2,"6,186"
"May 29, 2015",0.000572,0.000572,0.000568,0.000571,1,"6,194"
"May 28, 2015",0.000569,0.000573,0.000569,0.000572,2,"6,165"
"May 27, 2015",0.000569,0.000573,0.000568,0.000569,0,"6,160"
"May 26, 2015",0.000541,0.000571,0.000537,0.000569,0,"5,852"
"May 25, 2015",0.000578,0.000578,0.000540,0.000541,4,"6,260"
"May 24, 2015",0.000528,0.000580,0.000514,0.000578,4,"5,715"
"May 23, 2015",0.000567,0.000568,0.000459,0.000528,1,"6,140"
"May 22, 2015",0.000562,0.000569,0.000445,0.000567,2,"6,089"
"May 21, 2015",0.000445,0.000563,0.000444,0.000562,3,"4,813"
"May 20, 2015",0.000580,0.000581,0.000356,0.000445,4,"6,277"
"May 19, 2015",0.000527,0.000582,0.000350,0.000580,2,"5,703"
"May 18, 2015",0.000592,0.000592,0.000357,0.000527,2,"6,409"
"May 17, 2015",0.000628,0.000631,0.000355,0.000592,5,"6,800"
"May 16, 2015",0.000627,0.000629,0.000420,0.000628,6,"6,790"
"May 15, 2015",0.000609,0.000630,0.000356,0.000627,10,"6,592"
"May 14, 2015",0.000612,0.000630,0.000422,0.000609,13,"6,627"
"May 13, 2015",0.000605,0.000631,0.000605,0.000613,14,"6,551"
"May 12, 2015",0.000438,0.000637,0.000342,0.000606,16,"4,745"
"May 11, 2015",0.000435,0.000442,0.000098,0.000438,9,"4,708"
"May 10, 2015",0.000346,0.000437,0.000342,0.000435,11,"3,744"
"May 09, 2015",0.000317,0.000348,0.000312,0.000346,11,"3,432"
"May 08, 2015",0.000309,0.000320,0.000307,0.000317,63,"3,340"
"May 07, 2015",0.000124,0.000311,0.000123,0.000308,60,"1,343"
"May 06, 2015",0.000128,0.000128,0.000124,0.000124,0,"1,380"
"May 05, 2015",0.000122,0.000290,0.000118,0.000128,8,"1,320"
"May 04, 2015",0.000123,0.000361,0.000121,0.000122,9,"1,327"
"May 03, 2015",0.000116,0.000263,0.000113,0.000123,53,"1,250"
"May 02, 2015",0.000183,0.000193,0.000113,0.000116,89,"1,979"
"May 01, 2015",0.000335,0.000377,0.000180,0.000218,106,"3,626"
"Apr 30, 2015",0.000323,0.000341,0.000320,0.000335,27,"3,495"
"Apr 29, 2015",0.000323,0.000324,0.000319,0.000323,7,"3,496"
"Apr 28, 2015",0.000328,0.000328,0.000319,0.000323,7,"3,548"
"Apr 27, 2015",0.000310,0.000340,0.000307,0.000328,5,"3,353"
"Apr 26, 2015",0.000287,0.000310,0.000287,0.000310,3,"3,110"
"Apr 25, 2015",0.000397,0.000414,0.000388,0.000388,0,"4,302"
"Apr 24, 2015",0.000359,0.000400,0.000358,0.000397,8,"3,881"
"Apr 23, 2015",0.000445,0.000446,0.000123,0.000359,104,"4,820"
"Apr 22, 2015",0.000518,0.000568,0.000444,0.000445,55,"5,604"
"Apr 21, 2015",0.000516,0.000539,0.000494,0.000516,47,"5,589"
"Apr 20, 2015",0.000502,0.000517,0.000501,0.000516,20,"5,437"
"Apr 19, 2015",0.000489,0.000510,0.000489,0.000502,39,"5,291"
"Apr 18, 2015",0.000490,0.000493,0.000407,0.000489,76,"5,308"
"Apr 17, 2015",0.000475,0.000496,0.000459,0.000490,0,"5,147"
"Apr 16, 2015",0.000462,0.000477,0.000462,0.000476,2,"4,996"
"Apr 15, 2015",0.000458,0.000464,0.000423,0.000461,4,"4,958"
"Apr 14, 2015",0.000450,0.000461,0.000428,0.000458,0,"4,874"
"Apr 13, 2015",0.000523,0.000524,0.000445,0.000451,5,"5,664"
"Apr 12, 2015",0.000553,0.000575,0.000468,0.000523,8,"5,982"
"Apr 11, 2015",0.000510,0.000568,0.000508,0.000553,9,"5,520"
"Apr 10, 2015",0.000511,0.000511,0.000505,0.000510,2,"5,527"
"Apr 08, 2015",0.000547,0.000548,0.000528,0.000533,0,"5,920"
"Apr 07, 2015",0.000519,0.000557,0.000433,0.000553,5,"5,615"
"Apr 06, 2015",0.000540,0.000540,0.000515,0.000519,7,"5,847"
"Apr 05, 2015",0.000539,0.000592,0.000518,0.000540,3,"5,831"
"Apr 04, 2015",0.000585,0.000587,0.000537,0.000539,1,"6,332"
"Apr 03, 2015",0.000571,0.000586,0.000569,0.000585,1,"6,187"
"Apr 02, 2015",0.000522,0.000574,0.000508,0.000572,3,"5,653"
"Apr 01, 2015",0.000563,0.000568,0.000520,0.000522,3,"6,092"
"Mar 31, 2015",0.000515,0.000567,0.000505,0.000563,27,"5,573"
"Mar 30, 2015",0.000590,0.000618,0.000457,0.000515,18,"6,385"
"Mar 29, 2015",0.000599,0.000602,0.000442,0.000590,9,"6,486"
"Mar 28, 2015",0.000587,0.000601,0.000429,0.000599,10,"6,356"
"Mar 27, 2015",0.000587,0.000664,0.000379,0.000587,17,"6,350"
"Mar 26, 2015",0.000611,0.000677,0.000556,0.000586,24,"6,616"
"Mar 25, 2015",0.000626,0.000647,0.000531,0.000611,43,"6,780"
"Mar 24, 2015",0.000553,0.000646,0.000497,0.000625,78,"5,982"
"Mar 23, 2015",0.000650,0.000889,0.000420,0.000552,103,"7,038"
"Mar 22, 2015",0.000553,0.000743,0.000351,0.000650,385,"5,990"
"Mar 21, 2015",0.000354,0.000566,0.000331,0.000546,453,"3,832"
"Mar 20, 2015",0.000277,0.000386,0.000275,0.000354,23,"2,994"
"Mar 19, 2015",0.000292,0.000299,0.000276,0.000276,2,"3,165"
"Mar 18, 2015",0.000191,0.000308,0.000133,0.000293,31,"2,071"
"Mar 17, 2015",0.000352,0.000354,0.000191,0.000191,13,"3,806"
"Mar 16, 2015",0.000326,0.000352,0.000322,0.000352,4,"3,526"
"Mar 15, 2015",0.000326,0.000331,0.000312,0.000314,3,"3,531"
"Mar 14, 2015",0.000379,0.000379,0.000325,0.000327,5,"4,106"
"Mar 13, 2015",0.000344,0.000435,0.000205,0.000381,60,"3,720"
"Mar 12, 2015",0.000366,0.000367,0.000202,0.000344,2,"3,963"
"Mar 11, 2015",0.000376,0.000387,0.000364,0.000366,0,"4,074"
"Mar 10, 2015",0.000372,0.000387,0.000372,0.000376,1,"4,026"
"Mar 09, 2015",0.000357,0.000415,0.000356,0.000372,1,"3,861"
"Mar 08, 2015",0.000359,0.000361,0.000354,0.000357,1,"3,887"
"Mar 07, 2015",0.000341,0.000400,0.000338,0.000359,1,"3,690"
"Mar 06, 2015",0.000344,0.000346,0.000336,0.000341,0,"3,722"
"Mar 05, 2015",0.000341,0.000477,0.000328,0.000344,3,"3,686"
"Mar 04, 2015",0.000490,0.000531,0.000337,0.000341,2,"5,303"
"Mar 03, 2015",0.000408,0.000492,0.000386,0.000490,13,"4,416"
"Mar 02, 2015",0.000284,0.000412,0.000282,0.000408,29,"3,076"
"Mar 01, 2015",0.000255,0.000286,0.000254,0.000284,1,"2,764"
"Feb 28, 2015",0.000260,0.000296,0.000252,0.000255,11,"2,812"
"Feb 27, 2015",0.000259,0.000273,0.000252,0.000262,1,"2,801"
"Feb 26, 2015",0.000261,0.000262,0.000239,0.000259,3,"2,829"
"Feb 25, 2015",0.000272,0.000272,0.000217,0.000261,29,"2,948"
"Feb 24, 2015",0.000219,0.000273,0.000216,0.000272,2,"2,369"
"Feb 23, 2015",0.000170,0.000220,0.000151,0.000219,9,"1,835"
"Feb 22, 2015",0.000159,0.000177,0.000125,0.000170,24,"1,724"
"Feb 21, 2015",0.000280,0.000283,0.000158,0.000159,28,"3,035"
"Feb 20, 2015",0.000251,0.000281,0.000250,0.000281,2,"2,713"
"Feb 19, 2015",0.000284,0.000300,0.000251,0.000251,22,"3,070"
"Feb 18, 2015",0.000287,0.000291,0.000279,0.000283,0,"3,103"
"Feb 17, 2015",0.000290,0.000292,0.000254,0.000286,2,"3,139"
"Feb 16, 2015",0.000263,0.000296,0.000257,0.000290,2,"2,847"
"Feb 15, 2015",0.000383,0.000387,0.000255,0.000262,21,"4,145"
"Feb 14, 2015",0.000357,0.000408,0.000357,0.000384,4,"3,865"
"Feb 13, 2015",0.000288,0.000358,0.000287,0.000358,7,"3,117"
"Feb 12, 2015",0.000302,0.000320,0.000257,0.000288,15,"3,268"
"Feb 11, 2015",0.000225,0.000374,0.000225,0.000302,10,"2,436"
"Feb 10, 2015",0.000585,0.000585,0.000216,0.000225,41,"6,332"
"Feb 09, 2015",0.000182,0.000648,0.000163,0.000584,170,"1,966"
"Feb 08, 2015",0.000106,0.000608,0.000106,0.000182,366,"1,145"
"Feb 07, 2015",0.000126,0.000126,0.000094,0.000106,7,"1,366"
"Feb 06, 2015",0.000143,0.000145,0.000126,0.000126,11,"1,548"
"Feb 05, 2015",0.000160,0.000171,0.000142,0.000143,12,"1,734"
"Feb 04, 2015",0.000125,0.000219,0.000111,0.000160,81,"1,351"
"Feb 03, 2015",0.000145,0.000147,0.000124,0.000125,6,"1,566"
"Feb 02, 2015",0.000149,0.000152,0.000128,0.000145,1,"1,617"
"Feb 01, 2015",0.000117,0.000176,0.000113,0.000150,3,"1,263"
"Jan 31, 2015",0.000142,0.000148,0.000116,0.000117,10,"1,532"
"Jan 30, 2015",0.000083,0.000210,0.000080,0.000142,34,895
"Jan 29, 2015",0.000091,0.000117,0.000075,0.000083,38,982
"Jan 28, 2015",0.000095,0.000099,0.000054,0.000091,8,"1,032"
"Jan 27, 2015",0.000117,0.000118,0.000093,0.000095,6,"1,272"
"Jan 26, 2015",0.000102,0.000130,0.000102,0.000118,0,"1,100"
"Jan 25, 2015",0.000109,0.000114,0.000098,0.000101,5,"1,175"
"Jan 24, 2015",0.000090,0.000109,0.000088,0.000109,3,970
"Jan 23, 2015",0.000106,0.000106,0.000059,0.000090,25,"1,148"
"Jan 22, 2015",0.000077,0.000137,0.000070,0.000106,62,832
"Jan 21, 2015",0.000092,0.000094,0.000075,0.000080,10,997
"Jan 20, 2015",0.000080,0.000093,0.000080,0.000092,6,869
"Jan 19, 2015",0.000103,0.000178,0.000078,0.000081,10,"1,116"
"Jan 18, 2015",0.000091,0.000109,0.000045,0.000103,22,981
"Jan 17, 2015",0.000099,0.000102,0.000089,0.000090,1,"1,074"
"Jan 16, 2015",0.000099,0.000101,0.000094,0.000099,2,"1,073"
"Jan 15, 2015",0.000214,0.000251,0.000070,0.000099,9,"2,321"
"Jan 14, 2015",0.000105,0.000217,0.000074,0.000216,2,"1,139"
"Jan 13, 2015",0.000086,0.000116,0.000071,0.000106,34,926
"Jan 12, 2015",0.000088,0.000104,0.000086,0.000086,8,951
"Jan 11, 2015",0.000088,0.000111,0.000088,0.000088,16,951
"Jan 10, 2015",0.000121,0.000121,0.000077,0.000088,17,"1,305"
"Jan 09, 2015",0.000135,0.000176,0.000080,0.000121,13,"1,457"
"Jan 08, 2015",0.000124,0.000138,0.000084,0.000135,1,"1,337"
"Jan 07, 2015",0.000175,0.000175,0.000104,0.000124,17,"1,889"
"Jan 06, 2015",0.000165,0.000175,0.000137,0.000175,1,"1,789"
"Jan 05, 2015",0.000151,0.000166,0.000145,0.000165,2,"1,639"
"Jan 04, 2015",0.000139,0.000183,0.000126,0.000151,10,"1,507"
"Jan 03, 2015",0.000188,0.000190,0.000139,0.000139,17,"2,032"
"Jan 02, 2015",0.000165,0.000188,0.000155,0.000188,13,"1,783"
"Jan 01, 2015",0.000197,0.000197,0.000142,0.000165,67,"2,136"
"Dec 31, 2014",0.000297,0.000419,0.000194,0.000197,55,"3,219"
"Dec 30, 2014",0.000302,0.000387,0.000224,0.000297,64,"3,273"
"Dec 29, 2014",0.000196,0.000304,0.000196,0.000302,76,"2,126"
"Dec 28, 2014",0.000251,0.000486,0.000196,0.000196,41,"2,717"
"Dec 27, 2014",0.000203,0.000254,0.000191,0.000251,1,"2,194"
"Dec 26, 2014",0.000195,0.000205,0.000194,0.000203,1,"2,115"
"Dec 25, 2014",0.000253,0.000266,0.000195,0.000195,2,"2,735"
"Dec 24, 2014",0.000190,0.000253,0.000190,0.000253,14,"2,059"
"Dec 23, 2014",0.000329,0.000330,0.000190,0.000190,86,"3,565"
"Dec 22, 2014",0.000257,0.000340,0.000257,0.000329,4,"2,784"
"Dec 21, 2014",0.000278,0.000314,0.000257,0.000257,49,"3,012"
"Dec 20, 2014",0.000350,0.000497,0.000174,0.000279,44,"3,786"
"Dec 19, 2014",0.000359,0.000529,0.000075,0.000350,137,"3,891"
"Dec 18, 2014",0.000318,0.000571,0.000216,0.000360,56,"3,447"
"Dec 17, 2014",0.000604,0.000640,0.000266,0.000318,43,"6,534"
"Dec 16, 2014",0.000347,0.000981,0.000340,0.000604,57,"3,754"
"Dec 15, 2014",0.000279,0.001034,0.000241,0.000346,117,"3,015"
"Dec 14, 2014",0.000210,0.000515,0.000054,0.000279,89,"2,279"
"Dec 13, 2014",0.000277,0.000277,0.000203,0.000211,9,"2,997"
"Dec 12, 2014",0.000260,0.000278,0.000260,0.000278,22,"2,817"
"Dec 11, 2014",0.000258,0.000271,0.000254,0.000260,2,"2,796"
"Dec 10, 2014",0.000187,0.000276,0.000185,0.000260,12,"2,021"
"Dec 09, 2014",0.000425,0.000427,0.000142,0.000187,26,"4,606"
"Dec 08, 2014",0.000354,0.000533,0.000250,0.000426,101,"3,831"
"Dec 07, 2014",0.000179,0.000535,0.000161,0.000437,103,"1,943"
"Dec 06, 2014",0.000339,0.000743,0.000173,0.000179,110,"3,671"
"Dec 05, 2014",0.000343,0.000395,0.000331,0.000339,1,"3,717"
"Dec 04, 2014",0.000376,0.000411,0.000344,0.000344,0,"4,072"
"Dec 03, 2014",0.000382,0.000383,0.000374,0.000375,6,"4,132"
"Dec 02, 2014",0.000342,0.000382,0.000341,0.000381,55,"3,701"
"Dec 01, 2014",0.000412,0.000418,0.000340,0.000342,9,"4,463"
"Nov 30, 2014",0.000385,0.000413,0.000383,0.000412,0,"4,168"
"Nov 29, 2014",0.000421,0.000422,0.000378,0.000385,0,"4,561"
"Nov 28, 2014",0.000528,0.000529,0.000415,0.000422,6,"5,718"
"Nov 27, 2014",0.000411,0.000529,0.000408,0.000529,6,"4,447"
"Nov 26, 2014",0.000350,0.000351,0.000341,0.000342,2,"3,786"
"Nov 25, 2014",0.000354,0.000504,0.000349,0.000349,5,"3,835"
"Nov 24, 2014",0.000435,0.000716,0.000354,0.000354,101,"4,706"
"Nov 23, 2014",0.000500,0.000510,0.000435,0.000435,11,"5,411"
"Nov 22, 2014",0.000422,0.000537,0.000350,0.000499,46,"4,570"
"Nov 21, 2014",0.000383,0.000950,0.000347,0.000421,303,"4,142"
"Nov 20, 2014",0.000521,0.000524,0.000382,0.000383,50,"5,645"
"Nov 19, 2014",0.000703,0.000772,0.000378,0.000522,164,"7,609"
"Nov 18, 2014",0.000807,0.000816,0.000427,0.000705,215,"8,732"
"Nov 17, 2014",0.000629,0.001127,0.000629,0.000806,85,"6,810"
"Nov 16, 2014",0.000802,0.000836,0.000626,0.000628,77,"8,681"
"Nov 15, 2014",0.000863,0.001095,0.000794,0.000805,46,"9,345"
"Nov 14, 2014",0.001063,0.001228,0.000801,0.000859,164,"11,505"
"Nov 13, 2014",0.001414,0.001574,0.000953,0.001069,100,"15,310"
"Nov 12, 2014",0.001104,0.001474,0.001033,0.001402,176,"11,951"
"Nov 11, 2014",0.000845,0.001244,0.000845,0.001103,224,"9,149"
"Nov 10, 2014",0.001032,0.001101,0.000844,0.000848,16,"11,171"
"Nov 09, 2014",0.000952,0.001188,0.000890,0.001035,83,"10,307"
"Nov 08, 2014",0.000709,0.001187,0.000536,0.000952,287,"7,676"
"Nov 07, 2014",0.000943,0.000943,0.000299,0.000710,240,"10,205"
"Nov 06, 2014",0.000513,0.000943,0.000303,0.000941,189,"5,554"
"Nov 05, 2014",0.000453,0.000610,0.000306,0.000513,126,"4,904"
"Nov 04, 2014",0.000681,0.000806,0.000328,0.000453,168,"7,367"
"Nov 03, 2014",0.000679,0.000698,0.000622,0.000681,115,"7,350"
"Nov 02, 2014",0.000955,0.000964,0.000330,0.000680,284,"10,342"
"Nov 01, 2014",0.000847,0.000980,0.000817,0.000954,28,"9,165"
"Oct 31, 2014",0.000863,0.000870,0.000843,0.000846,6,"9,337"
"Oct 30, 2014",0.000945,0.000953,0.000746,0.000863,22,"10,226"
"Oct 29, 2014",0.000994,0.001142,0.000739,0.000944,48,"10,762"
"Oct 28, 2014",0.001176,0.001218,0.000788,0.000996,61,"12,729"
"Oct 27, 2014",0.001093,0.001244,0.000916,0.001175,84,"11,832"
"Oct 26, 2014",0.001004,0.001135,0.000891,0.001093,25,"10,871"
"Oct 25, 2014",0.001056,0.001339,0.000958,0.001004,181,"11,435"
"Oct 24, 2014",0.000946,0.001057,0.000494,0.001056,90,"10,240"
"Oct 23, 2014",0.001453,0.001461,0.000443,0.000946,153,"15,729"
"Oct 22, 2014",0.000735,0.001473,0.000584,0.001454,269,"7,954"
"Oct 21, 2014",0.001515,0.001679,0.000735,0.000735,133,"16,403"
"Oct 20, 2014",0.001858,0.001858,0.001515,0.001517,5,"20,108"
"Oct 19, 2014",0.001573,0.002037,0.001386,0.001868,65,"17,026"
"Oct 18, 2014",0.000994,0.002133,0.000982,0.002133,285,"10,766"
"Oct 17, 2014",0.001753,0.001762,0.000992,0.000994,217,"18,977"
"Oct 16, 2014",0.001558,0.001755,0.001436,0.001752,74,"16,870"
"Oct 15, 2014",0.001776,0.001782,0.001528,0.001559,33,"19,229"
"Oct 14, 2014",0.001854,0.001949,0.001469,0.001776,40,"20,070"
"Oct 13, 2014",0.001815,0.001881,0.000982,0.001848,581,"19,648"
"Oct 12, 2014",0.001403,0.001821,0.001367,0.001818,86,"15,189"
"Oct 11, 2014",0.001503,0.001527,0.001354,0.001402,5,"16,268"
"Oct 10, 2014",0.002038,0.002199,0.001124,0.001504,386,"22,064"
"Oct 09, 2014",0.001129,0.002175,0.001129,0.002040,100,"12,227"
"Oct 08, 2014",0.002010,0.002083,0.001128,0.001128,221,"21,760"
"Oct 07, 2014",0.001854,0.002029,0.001278,0.002011,435,"20,066"
"Oct 06, 2014",0.001173,0.001851,0.001107,0.001851,59,"12,696"
"Oct 05, 2014",0.001352,0.001405,0.001065,0.001173,78,"14,632"
"Oct 04, 2014",0.001449,0.001474,0.001286,0.001351,16,"15,690"
"Oct 03, 2014",0.002433,0.002433,0.001441,0.001448,108,"26,339"
"Oct 02, 2014",0.001780,0.002448,0.001560,0.002432,295,"19,269"
"Oct 01, 2014",0.002285,0.002324,0.001447,0.001780,437,"24,738"
"Sep 30, 2014",0.001351,0.002297,0.001343,0.002282,191,"14,624"
"Sep 29, 2014",0.002428,0.002436,0.001343,0.001349,70,"26,287"
"Sep 28, 2014",0.001390,0.002478,0.001250,0.002430,360,"15,049"
"Sep 27, 2014",0.002001,0.002006,0.001174,0.001390,243,"21,664"
"Sep 26, 2014",0.001544,0.002016,0.001207,0.002006,371,"16,713"
"Sep 25, 2014",0.001553,0.001750,0.001514,0.001544,117,"16,809"
"Sep 24, 2014",0.002086,0.002088,0.001551,0.001553,743,"22,579"
"Sep 23, 2014",0.002237,0.002252,0.001768,0.002086,801,"24,219"
"Sep 22, 2014",0.002435,0.002438,0.002196,0.002238,81,"26,354"
"Sep 21, 2014",0.002434,0.002768,0.002032,0.002433,903,"26,350"
"Sep 20, 2014",0.002998,0.003851,0.002426,0.002439,155,"32,456"
"Sep 19, 2014",0.003117,0.003185,0.002067,0.002999,788,"33,743"
"Sep 18, 2014",0.003518,0.005831,0.002140,0.003120,"4,311","38,081"
"Sep 17, 2014",0.003941,0.004047,0.003393,0.003521,119,"42,664"
"Sep 16, 2014",0.004601,0.004609,0.003350,0.003943,59,"49,811"
"Sep 15, 2014",0.003818,0.004626,0.003096,0.004606,476,"41,332"
"Sep 14, 2014",0.004111,0.004496,0.002988,0.003819,130,"44,498"
"Sep 13, 2014",0.004415,0.005228,0.002874,0.004110,"1,069","47,791"
"Sep 12, 2014",0.004330,0.004869,0.003573,0.004414,171,"46,875"
"Sep 11, 2014",0.004614,0.006538,0.003563,0.004332,772,"49,951"
"Sep 10, 2014",0.004239,0.004768,0.003376,0.004612,423,"45,889"
"Sep 09, 2014",0.003781,0.004348,0.003378,0.004237,367,"40,934"
"Sep 08, 2014",0.003488,0.003781,0.002721,0.003779,496,"37,758"
"Sep 07, 2014",0.003046,0.003509,0.002691,0.003491,158,"32,978"
"Sep 06, 2014",0.003174,0.003664,0.002496,0.003045,592,"34,363"
"Sep 05, 2014",0.002933,0.003372,0.002904,0.003174,417,"31,750"
"Sep 04, 2014",0.002349,0.003395,0.002068,0.002933,798,"25,423"
"Sep 03, 2014",0.002155,0.002676,0.001919,0.002348,89,"23,328"
"Sep 02, 2014",0.001899,0.002174,0.001890,0.002158,176,"20,550"
"Sep 01, 2014",0.002031,0.002051,0.001893,0.001900,130,"21,982"
"Aug 31, 2014",0.002379,0.002390,0.001905,0.002031,110,"25,751"
"Aug 30, 2014",0.002230,0.002606,0.002180,0.002386,79,"24,136"
"Aug 29, 2014",0.002311,0.002811,0.002218,0.002230,187,"25,009"
"Aug 28, 2014",0.002528,0.002843,0.002304,0.002308,223,"27,354"
"Aug 27, 2014",0.002050,0.002561,0.001918,0.002529,241,"22,183"
"Aug 26, 2014",0.002488,0.002507,0.001840,0.002048,80,"26,917"
"Aug 25, 2014",0.002160,0.002499,0.002122,0.002487,130,"23,371"
"Aug 24, 2014",0.002855,0.002859,0.002119,0.002160,229,"30,893"
"Aug 23, 2014",0.002451,0.002856,0.002117,0.002854,128,"26,523"
"Aug 22, 2014",0.002406,0.002497,0.002251,0.002454,91,"26,033"
"Aug 21, 2014",0.003466,0.003504,0.002026,0.002122,630,"37,498"
"Aug 20, 2014",0.003497,0.003830,0.002338,0.003476,176,"37,837"
"Aug 19, 2014",0.002880,0.003622,0.001807,0.003499,357,"31,152"
"Aug 18, 2014",0.002875,0.003399,0.002527,0.002880,499,"31,103"
"Aug 17, 2014",0.003141,0.004099,0.002264,0.002877,350,"33,976"
"Aug 16, 2014",0.001976,0.004299,0.001799,0.003145,499,"21,376"
"Aug 15, 2014",0.002349,0.002757,0.001973,0.001973,392,"25,414"
"Aug 14, 2014",0.002160,0.003451,0.001797,0.002326,889,"23,358"
"Aug 13, 2014",0.005240,0.005482,0.001956,0.002162,"1,546","56,672"
"Aug 12, 2014",0.003122,0.005352,0.003122,0.005234,860,"33,759"
"Aug 11, 2014",0.003445,0.005259,0.003109,0.003121,954,"37,253"
"Aug 10, 2014",0.003480,0.004201,0.002034,0.003444,"1,218","37,638"
"Aug 09, 2014",0.003278,0.003851,0.001777,0.003482,553,"35,449"
"Aug 08, 2014",0.003751,0.004839,0.002559,0.003279,"1,157","40,560"
"Aug 07, 2014",0.005551,0.005576,0.003702,0.003751,691,"60,027"
"Aug 06, 2014",0.005668,0.006395,0.005366,0.005550,"4,548","61,285"
"Aug 05, 2014",0.005154,0.006732,0.004686,0.005663,"6,326","55,730"
"Aug 04, 2014",0.004617,0.005556,0.002565,0.005152,"2,718","49,924"
"Aug 03, 2014",0.002361,0.005768,0.001834,0.004621,"3,166","25,527"
"Aug 02, 2014",0.001760,0.002366,0.001211,0.002363,342,"19,028"
"Aug 01, 2014",0.001546,0.002370,0.001148,0.001760,825,"16,710"
"Jul 31, 2014",0.001299,0.001860,0.001130,0.001546,397,"14,046"
"Jul 30, 2014",0.001626,0.001626,0.000861,0.001299,73,"17,574"
"Jul 29, 2014",0.000828,0.001629,0.000809,0.001626,369,"8,951"
"Jul 28, 2014",0.001217,0.001218,0.000739,0.000828,381,"13,152"
"Jul 27, 2014",0.001304,0.001747,0.001071,0.001216,176,"14,097"
"Jul 26, 2014",0.001337,0.001418,0.001305,0.001305,44,"14,451"
"Jul 25, 2014",0.001739,0.001759,0.001173,0.001357,514,"18,798"
"Jul 24, 2014",0.001517,0.001810,0.001254,0.001740,575,"16,393"
"Jul 23, 2014",0.001545,0.001973,0.001361,0.001517,"1,124","16,698"
"Jul 22, 2014",0.002113,0.002341,0.000835,0.001546,936,"22,832"
"Jul 21, 2014",0.001717,0.002113,0.001540,0.002113,688,"18,557"
"Jul 20, 2014",0.002040,0.002293,0.001236,0.001717,498,"22,047"
"Jul 19, 2014",0.001660,0.002036,0.000827,0.002036,801,"17,935"
"Jul 18, 2014",0.001871,0.002173,0.001324,0.001758,422,"20,213"
"Jul 17, 2014",0.001826,0.002634,0.001728,0.001873,397,"19,726"
"Jul 16, 2014",0.002703,0.003069,0.001827,0.001827,"1,593","29,205"
"Jul 15, 2014",0.002576,0.003110,0.001863,0.002702,"1,573","27,827"
"Jul 14, 2014",0.001940,0.003007,0.001312,0.002573,"1,315","20,952"
"Jul 13, 2014",0.002093,0.002095,0.001463,0.001939,"1,455","22,612"
"Jul 12, 2014",0.002327,0.002328,0.001505,0.001739,"1,176","25,136"
"Jul 11, 2014",0.002056,0.002484,0.001317,0.002328,"1,832","22,210"
"Jul 10, 2014",0.002176,0.002488,0.001382,0.002057,"2,540","23,496"
"Jul 09, 2014",0.004258,0.005644,0.001544,0.002174,"3,019","45,981"
"Jul 08, 2014",0.007011,0.007068,0.001468,0.004255,"1,796","75,706"
"Jul 07, 2014",0.008901,0.009202,0.005612,0.007576,"4,011","96,119"
"Jul 06, 2014",0.006270,0.009246,0.005054,0.008894,"6,648","67,705"
"Jul 05, 2014",0.004926,0.007568,0.003611,0.005113,"8,266","53,189"
"Jul 04, 2014",0.001935,0.005411,0.001459,0.005411,"4,794","18,168"
"Jul 03, 2014",0.001440,0.002206,0.001434,0.001935,"1,466","12,604"
